order_item_id,order_id,product_id,quantity,unit_price,line_total
1,ORD00001,PRD039,8,742.67,5941.36
2,ORD00002,PRD018,4,658.76,2635.04
3,ORD00003,PRD044,18,689.21,12405.78
4,ORD00004,PRD005,12,535.45,6425.4
5,ORD00004,PRD022,11,36.22,398.42
6,ORD00004,PRD041,9,170.79,1537.11
7,ORD00004,PRD006,5,291.3,1456.5
8,ORD00005,PRD018,4,658.76,2635.04
9,ORD00005,PRD001,13,76.83,998.79
10,ORD00006,PRD025,4,546.4,2185.6
11,ORD00006,PRD007,6,68.07,408.42
12,ORD00007,PRD038,17,543.89,9246.13
13,ORD00007,PRD032,12,206.05,2472.6
14,ORD00007,PRD007,19,68.07,1293.33
15,ORD00008,PRD036,4,791.3,3165.2
16,ORD00008,PRD018,2,658.76,1317.52
17,ORD00008,PRD039,6,742.67,4456.02
18,ORD00009,PRD049,12,371.64,4459.68
19,ORD00009,PRD025,18,546.4,9835.2
20,ORD00009,PRD012,18,755.82,13604.76
21,ORD00010,PRD031,1,645.89,645.89
22,ORD00010,PRD038,17,543.89,9246.13
23,ORD00010,PRD009,5,286.53,1432.65
24,ORD00010,PRD017,5,483.67,2418.35
25,ORD00011,PRD025,9,546.4,4917.6
26,ORD00011,PRD037,2,689.78,1379.56
27,ORD00012,PRD046,20,280.53,5610.6
28,ORD00012,PRD050,14,698.04,9772.56
29,ORD00012,PRD016,15,650.26,9753.9
30,ORD00013,PRD029,15,223.16,3347.4
31,ORD00013,PRD023,17,105.09,1786.53
32,ORD00014,PRD018,8,658.76,5270.08
33,ORD00014,PRD028,10,772.82,7728.2
34,ORD00014,PRD034,3,256.94,770.82
35,ORD00015,PRD027,3,439.66,1318.98
36,ORD00015,PRD050,3,698.04,2094.12
37,ORD00015,PRD021,3,372.0,1116.0
38,ORD00016,PRD006,19,291.3,5534.7
39,ORD00016,PRD011,2,547.36,1094.72
40,ORD00017,PRD048,10,205.33,2053.3
41,ORD00018,PRD001,5,76.83,384.15
42,ORD00018,PRD028,16,772.82,12365.12
43,ORD00018,PRD044,16,689.21,11027.36
44,ORD00018,PRD033,17,79.28,1347.76
45,ORD00019,PRD026,1,277.49,277.49
46,ORD00020,PRD048,14,205.33,2874.62
47,ORD00020,PRD001,18,76.83,1382.94
48,ORD00021,PRD016,17,650.26,11054.42
49,ORD00021,PRD048,20,205.33,4106.6
50,ORD00021,PRD043,2,465.35,930.7
51,ORD00022,PRD011,8,547.36,4378.88
52,ORD00022,PRD044,6,689.21,4135.26
53,ORD00022,PRD049,3,371.64,1114.92
54,ORD00022,PRD034,12,256.94,3083.28
55,ORD00023,PRD033,2,79.28,158.56
56,ORD00023,PRD023,14,105.09,1471.26
57,ORD00024,PRD025,11,546.4,6010.4
58,ORD00024,PRD011,8,547.36,4378.88
59,ORD00024,PRD024,18,41.24,742.32
60,ORD00024,PRD008,4,274.67,1098.68
61,ORD00025,PRD020,9,451.48,4063.32
62,ORD00025,PRD031,7,645.89,4521.23
63,ORD00025,PRD019,1,427.32,427.32
64,ORD00026,PRD014,2,114.86,229.72
65,ORD00026,PRD020,15,451.48,6772.2
66,ORD00026,PRD042,20,760.29,15205.8
67,ORD00026,PRD033,16,79.28,1268.48
68,ORD00027,PRD023,1,105.09,105.09
69,ORD00028,PRD022,1,36.22,36.22
70,ORD00028,PRD020,12,451.48,5417.76
71,ORD00028,PRD023,6,105.09,630.54
72,ORD00028,PRD007,13,68.07,884.91
73,ORD00029,PRD001,16,76.83,1229.28
74,ORD00029,PRD007,7,68.07,476.49
75,ORD00029,PRD028,3,772.82,2318.46
76,ORD00030,PRD027,16,439.66,7034.56
77,ORD00030,PRD008,1,274.67,274.67
78,ORD00031,PRD050,9,698.04,6282.36
79,ORD00031,PRD043,8,465.35,3722.8
80,ORD00032,PRD026,6,277.49,1664.94
81,ORD00032,PRD024,18,41.24,742.32
82,ORD00032,PRD020,9,451.48,4063.32
83,ORD00032,PRD028,4,772.82,3091.28
84,ORD00033,PRD043,12,465.35,5584.2
85,ORD00033,PRD029,14,223.16,3124.24
86,ORD00033,PRD011,1,547.36,547.36
87,ORD00033,PRD009,12,286.53,3438.36
88,ORD00034,PRD008,10,274.67,2746.7
89,ORD00034,PRD013,2,409.3,818.6
90,ORD00035,PRD026,11,277.49,3052.39
91,ORD00035,PRD027,2,439.66,879.32
92,ORD00036,PRD043,16,465.35,7445.6
93,ORD00036,PRD013,9,409.3,3683.7
94,ORD00037,PRD027,16,439.66,7034.56
95,ORD00038,PRD044,13,689.21,8959.73
96,ORD00038,PRD046,17,280.53,4769.01
97,ORD00038,PRD009,13,286.53,3724.89
98,ORD00038,PRD021,5,372.0,1860.0
99,ORD00039,PRD007,1,68.07,68.07
100,ORD00040,PRD010,17,624.22,10611.74
101,ORD00040,PRD023,1,105.09,105.09
102,ORD00041,PRD004,11,735.69,8092.59
103,ORD00041,PRD044,14,689.21,9648.94
104,ORD00042,PRD028,16,772.82,12365.12
105,ORD00043,PRD019,14,427.32,5982.48
106,ORD00043,PRD032,8,206.05,1648.4
107,ORD00043,PRD006,20,291.3,5826.0
108,ORD00044,PRD047,6,106.89,641.34
109,ORD00044,PRD033,8,79.28,634.24
110,ORD00045,PRD050,8,698.04,5584.32
111,ORD00045,PRD008,14,274.67,3845.38
112,ORD00045,PRD017,7,483.67,3385.69
113,ORD00046,PRD046,17,280.53,4769.01
114,ORD00046,PRD007,20,68.07,1361.4
115,ORD00046,PRD045,6,763.24,4579.44
116,ORD00046,PRD047,7,106.89,748.23
117,ORD00047,PRD015,5,610.56,3052.8
118,ORD00047,PRD008,13,274.67,3570.71
119,ORD00048,PRD018,7,658.76,4611.32
120,ORD00049,PRD028,20,772.82,15456.4
121,ORD00049,PRD002,7,314.32,2200.24
122,ORD00050,PRD004,13,735.69,9563.97
123,ORD00051,PRD034,8,256.94,2055.52
124,ORD00051,PRD020,8,451.48,3611.84
125,ORD00051,PRD045,11,763.24,8395.64
126,ORD00051,PRD041,14,170.79,2391.06
127,ORD00052,PRD004,2,735.69,1471.38
128,ORD00052,PRD033,10,79.28,792.8
129,ORD00052,PRD028,4,772.82,3091.28
130,ORD00052,PRD042,9,760.29,6842.61
131,ORD00053,PRD018,14,658.76,9222.64
132,ORD00053,PRD023,8,105.09,840.72
133,ORD00053,PRD046,11,280.53,3085.83
134,ORD00054,PRD012,2,755.82,1511.64
135,ORD00055,PRD004,11,735.69,8092.59
136,ORD00056,PRD019,9,427.32,3845.88
137,ORD00056,PRD031,20,645.89,12917.8
138,ORD00057,PRD028,6,772.82,4636.92
139,ORD00058,PRD032,10,206.05,2060.5
140,ORD00058,PRD024,4,41.24,164.96
141,ORD00058,PRD022,4,36.22,144.88
142,ORD00059,PRD044,18,689.21,12405.78
143,ORD00060,PRD022,12,36.22,434.64
144,ORD00060,PRD024,19,41.24,783.56
145,ORD00061,PRD016,7,650.26,4551.82
146,ORD00061,PRD042,19,760.29,14445.51
147,ORD00061,PRD018,13,658.76,8563.88
148,ORD00062,PRD007,5,68.07,340.35
149,ORD00063,PRD003,19,111.75,2123.25
150,ORD00064,PRD013,15,409.3,6139.5
151,ORD00064,PRD046,4,280.53,1122.12
152,ORD00065,PRD035,20,149.62,2992.4
153,ORD00066,PRD020,7,451.48,3160.36
154,ORD00066,PRD047,18,106.89,1924.02
155,ORD00066,PRD031,5,645.89,3229.45
156,ORD00067,PRD009,7,286.53,2005.71
157,ORD00068,PRD036,18,791.3,14243.4
158,ORD00068,PRD046,12,280.53,3366.36
159,ORD00068,PRD017,12,483.67,5804.04
160,ORD00068,PRD049,15,371.64,5574.6
161,ORD00069,PRD028,3,772.82,2318.46
162,ORD00070,PRD027,6,439.66,2637.96
163,ORD00070,PRD034,20,256.94,5138.8
164,ORD00070,PRD033,9,79.28,713.52
165,ORD00070,PRD002,5,314.32,1571.6
166,ORD00071,PRD003,7,111.75,782.25
167,ORD00071,PRD037,13,689.78,8967.14
168,ORD00071,PRD004,16,735.69,11771.04
169,ORD00072,PRD011,15,547.36,8210.4
170,ORD00073,PRD036,20,791.3,15826.0
171,ORD00073,PRD050,9,698.04,6282.36
172,ORD00073,PRD025,7,546.4,3824.8
173,ORD00073,PRD026,6,277.49,1664.94
174,ORD00074,PRD011,19,547.36,10399.84
175,ORD00075,PRD038,1,543.89,543.89
176,ORD00075,PRD045,17,763.24,12975.08
177,ORD00076,PRD033,9,79.28,713.52
178,ORD00076,PRD046,10,280.53,2805.3
179,ORD00076,PRD047,8,106.89,855.12
180,ORD00076,PRD034,10,256.94,2569.4
181,ORD00077,PRD036,8,791.3,6330.4
182,ORD00077,PRD008,2,274.67,549.34
183,ORD00077,PRD011,18,547.36,9852.48
184,ORD00078,PRD019,5,427.32,2136.6
185,ORD00078,PRD003,9,111.75,1005.75
186,ORD00079,PRD018,8,658.76,5270.08
187,ORD00079,PRD004,7,735.69,5149.83
188,ORD00080,PRD001,12,76.83,921.96
189,ORD00081,PRD021,18,372.0,6696.0
190,ORD00081,PRD006,9,291.3,2621.7
191,ORD00081,PRD046,5,280.53,1402.65
192,ORD00082,PRD040,1,686.07,686.07
193,ORD00082,PRD019,12,427.32,5127.84
194,ORD00082,PRD021,8,372.0,2976.0
195,ORD00082,PRD004,9,735.69,6621.21
196,ORD00083,PRD017,18,483.67,8706.06
197,ORD00083,PRD002,19,314.32,5972.08
198,ORD00084,PRD047,13,106.89,1389.57
199,ORD00085,PRD041,7,170.79,1195.53
200,ORD00085,PRD039,15,742.67,11140.05
201,ORD00085,PRD036,8,791.3,6330.4
202,ORD00086,PRD018,13,658.76,8563.88
203,ORD00086,PRD014,5,114.86,574.3
204,ORD00086,PRD038,15,543.89,8158.35
205,ORD00087,PRD047,12,106.89,1282.68
206,ORD00087,PRD028,5,772.82,3864.1
207,ORD00088,PRD006,6,291.3,1747.8
208,ORD00088,PRD032,6,206.05,1236.3
209,ORD00088,PRD012,7,755.82,5290.74
210,ORD00088,PRD030,19,357.67,6795.73
211,ORD00089,PRD047,1,106.89,106.89
212,ORD00089,PRD012,10,755.82,7558.2
213,ORD00089,PRD042,6,760.29,4561.74
214,ORD00089,PRD019,6,427.32,2563.92
215,ORD00090,PRD044,5,689.21,3446.05
216,ORD00090,PRD039,3,742.67,2228.01
217,ORD00090,PRD013,14,409.3,5730.2
218,ORD00090,PRD005,8,535.45,4283.6
219,ORD00091,PRD042,17,760.29,12924.93
220,ORD00091,PRD026,5,277.49,1387.45
221,ORD00091,PRD007,1,68.07,68.07
222,ORD00091,PRD047,20,106.89,2137.8
223,ORD00092,PRD025,13,546.4,7103.2
224,ORD00093,PRD008,1,274.67,274.67
225,ORD00094,PRD009,8,286.53,2292.24
226,ORD00095,PRD018,5,658.76,3293.8
227,ORD00096,PRD001,4,76.83,307.32
228,ORD00097,PRD046,5,280.53,1402.65
229,ORD00097,PRD006,16,291.3,4660.8
230,ORD00097,PRD013,19,409.3,7776.7
231,ORD00098,PRD011,5,547.36,2736.8
232,ORD00098,PRD020,8,451.48,3611.84
233,ORD00098,PRD022,2,36.22,72.44
234,ORD00098,PRD031,18,645.89,11626.02
235,ORD00099,PRD041,1,170.79,170.79
236,ORD00099,PRD035,2,149.62,299.24
237,ORD00099,PRD008,4,274.67,1098.68
238,ORD00100,PRD007,5,68.07,340.35
239,ORD00100,PRD033,1,79.28,79.28
240,ORD00100,PRD027,8,439.66,3517.28
241,ORD00101,PRD015,14,610.56,8547.84
242,ORD00102,PRD010,8,624.22,4993.76
243,ORD00102,PRD023,13,105.09,1366.17
244,ORD00102,PRD042,4,760.29,3041.16
245,ORD00102,PRD019,16,427.32,6837.12
246,ORD00103,PRD008,4,274.67,1098.68
247,ORD00103,PRD015,10,610.56,6105.6
248,ORD00104,PRD005,4,535.45,2141.8
249,ORD00104,PRD040,12,686.07,8232.84
250,ORD00104,PRD022,3,36.22,108.66
251,ORD00105,PRD039,5,742.67,3713.35
252,ORD00106,PRD028,11,772.82,8501.02
253,ORD00106,PRD034,20,256.94,5138.8
254,ORD00107,PRD044,5,689.21,3446.05
255,ORD00107,PRD028,10,772.82,7728.2
256,ORD00108,PRD023,16,105.09,1681.44
257,ORD00108,PRD007,12,68.07,816.84
258,ORD00108,PRD018,9,658.76,5928.84
259,ORD00109,PRD001,5,76.83,384.15
260,ORD00110,PRD021,13,372.0,4836.0
261,ORD00110,PRD010,15,624.22,9363.3
262,ORD00111,PRD005,9,535.45,4819.05
263,ORD00111,PRD008,5,274.67,1373.35
264,ORD00111,PRD037,3,689.78,2069.34
265,ORD00111,PRD028,11,772.82,8501.02
266,ORD00112,PRD012,13,755.82,9825.66
267,ORD00112,PRD050,12,698.04,8376.48
268,ORD00113,PRD032,14,206.05,2884.7
269,ORD00113,PRD028,20,772.82,15456.4
270,ORD00113,PRD031,11,645.89,7104.79
271,ORD00114,PRD042,13,760.29,9883.77
272,ORD00114,PRD016,14,650.26,9103.64
273,ORD00115,PRD035,3,149.62,448.86
274,ORD00115,PRD032,19,206.05,3914.95
275,ORD00115,PRD015,14,610.56,8547.84
276,ORD00115,PRD025,17,546.4,9288.8
277,ORD00116,PRD045,8,763.24,6105.92
278,ORD00116,PRD006,12,291.3,3495.6
279,ORD00117,PRD014,1,114.86,114.86
280,ORD00118,PRD036,4,791.3,3165.2
281,ORD00118,PRD031,2,645.89,1291.78
282,ORD00118,PRD009,12,286.53,3438.36
283,ORD00119,PRD050,15,698.04,10470.6
284,ORD00119,PRD009,5,286.53,1432.65
285,ORD00119,PRD019,18,427.32,7691.76
286,ORD00120,PRD016,5,650.26,3251.3
287,ORD00120,PRD014,4,114.86,459.44
288,ORD00120,PRD015,5,610.56,3052.8
289,ORD00120,PRD004,13,735.69,9563.97
290,ORD00121,PRD045,14,763.24,10685.36
291,ORD00122,PRD004,19,735.69,13978.11
292,ORD00122,PRD045,3,763.24,2289.72
293,ORD00122,PRD007,16,68.07,1089.12
294,ORD00123,PRD002,12,314.32,3771.84
295,ORD00123,PRD010,5,624.22,3121.1
296,ORD00124,PRD016,3,650.26,1950.78
297,ORD00125,PRD037,14,689.78,9656.92
298,ORD00126,PRD049,16,371.64,5946.24
299,ORD00126,PRD012,5,755.82,3779.1
300,ORD00127,PRD031,11,645.89,7104.79
301,ORD00127,PRD027,15,439.66,6594.9
302,ORD00127,PRD047,1,106.89,106.89
303,ORD00128,PRD008,2,274.67,549.34
304,ORD00128,PRD010,20,624.22,12484.4
305,ORD00128,PRD004,6,735.69,4414.14
306,ORD00129,PRD001,14,76.83,1075.62
307,ORD00129,PRD026,15,277.49,4162.35
308,ORD00130,PRD037,8,689.78,5518.24
309,ORD00130,PRD033,14,79.28,1109.92
310,ORD00130,PRD020,6,451.48,2708.88
311,ORD00131,PRD006,5,291.3,1456.5
312,ORD00131,PRD034,7,256.94,1798.58
313,ORD00131,PRD025,13,546.4,7103.2
314,ORD00132,PRD015,13,610.56,7937.28
315,ORD00133,PRD048,20,205.33,4106.6
316,ORD00133,PRD036,3,791.3,2373.9
317,ORD00134,PRD031,13,645.89,8396.57
318,ORD00134,PRD021,6,372.0,2232.0
319,ORD00134,PRD042,2,760.29,1520.58
320,ORD00134,PRD026,12,277.49,3329.88
321,ORD00135,PRD013,12,409.3,4911.6
322,ORD00135,PRD018,20,658.76,13175.2
323,ORD00135,PRD007,11,68.07,748.77
324,ORD00135,PRD005,1,535.45,535.45
325,ORD00136,PRD019,18,427.32,7691.76
326,ORD00136,PRD011,4,547.36,2189.44
327,ORD00137,PRD014,20,114.86,2297.2
328,ORD00138,PRD049,10,371.64,3716.4
329,ORD00139,PRD036,2,791.3,1582.6
330,ORD00139,PRD013,8,409.3,3274.4
331,ORD00140,PRD006,19,291.3,5534.7
332,ORD00140,PRD037,16,689.78,11036.48
333,ORD00140,PRD003,2,111.75,223.5
334,ORD00141,PRD021,3,372.0,1116.0
335,ORD00142,PRD001,10,76.83,768.3
336,ORD00142,PRD023,13,105.09,1366.17
337,ORD00142,PRD049,17,371.64,6317.88
338,ORD00143,PRD021,13,372.0,4836.0
339,ORD00143,PRD049,12,371.64,4459.68
340,ORD00144,PRD045,4,763.24,3052.96
341,ORD00144,PRD044,11,689.21,7581.31
342,ORD00145,PRD048,5,205.33,1026.65
343,ORD00145,PRD033,1,79.28,79.28
344,ORD00145,PRD007,19,68.07,1293.33
345,ORD00145,PRD050,13,698.04,9074.52
346,ORD00146,PRD038,5,543.89,2719.45
347,ORD00146,PRD003,15,111.75,1676.25
348,ORD00146,PRD019,3,427.32,1281.96
349,ORD00146,PRD011,3,547.36,1642.08
350,ORD00147,PRD014,5,114.86,574.3
351,ORD00147,PRD044,6,689.21,4135.26
352,ORD00148,PRD029,10,223.16,2231.6
353,ORD00148,PRD009,12,286.53,3438.36
354,ORD00148,PRD022,20,36.22,724.4
355,ORD00149,PRD003,13,111.75,1452.75
356,ORD00149,PRD046,8,280.53,2244.24
357,ORD00149,PRD050,7,698.04,4886.28
358,ORD00149,PRD044,20,689.21,13784.2
359,ORD00150,PRD010,19,624.22,11860.18
360,ORD00151,PRD007,10,68.07,680.7
361,ORD00151,PRD001,18,76.83,1382.94
362,ORD00151,PRD010,3,624.22,1872.66
363,ORD00151,PRD050,16,698.04,11168.64
364,ORD00152,PRD030,11,357.67,3934.37
365,ORD00153,PRD019,3,427.32,1281.96
366,ORD00153,PRD011,9,547.36,4926.24
367,ORD00154,PRD023,6,105.09,630.54
368,ORD00154,PRD006,15,291.3,4369.5
369,ORD00154,PRD005,9,535.45,4819.05
370,ORD00155,PRD017,5,483.67,2418.35
371,ORD00155,PRD049,4,371.64,1486.56
372,ORD00155,PRD029,19,223.16,4240.04
373,ORD00155,PRD042,16,760.29,12164.64
374,ORD00156,PRD024,10,41.24,412.4
375,ORD00157,PRD027,15,439.66,6594.9
376,ORD00157,PRD040,12,686.07,8232.84
377,ORD00157,PRD044,17,689.21,11716.57
378,ORD00157,PRD009,20,286.53,5730.6
379,ORD00158,PRD024,14,41.24,577.36
380,ORD00158,PRD006,17,291.3,4952.1
381,ORD00158,PRD044,15,689.21,10338.15
382,ORD00159,PRD044,2,689.21,1378.42
383,ORD00159,PRD003,8,111.75,894.0
384,ORD00159,PRD040,18,686.07,12349.26
385,ORD00160,PRD010,4,624.22,2496.88
386,ORD00161,PRD025,13,546.4,7103.2
387,ORD00161,PRD011,3,547.36,1642.08
388,ORD00161,PRD037,8,689.78,5518.24
389,ORD00162,PRD030,15,357.67,5365.05
390,ORD00162,PRD043,15,465.35,6980.25
391,ORD00162,PRD006,18,291.3,5243.4
392,ORD00162,PRD023,15,105.09,1576.35
393,ORD00163,PRD006,6,291.3,1747.8
394,ORD00164,PRD026,14,277.49,3884.86
395,ORD00165,PRD026,3,277.49,832.47
396,ORD00165,PRD022,11,36.22,398.42
397,ORD00166,PRD039,16,742.67,11882.72
398,ORD00166,PRD032,4,206.05,824.2
399,ORD00166,PRD014,9,114.86,1033.74
400,ORD00167,PRD003,5,111.75,558.75
401,ORD00167,PRD035,7,149.62,1047.34
402,ORD00167,PRD010,11,624.22,6866.42
403,ORD00167,PRD031,19,645.89,12271.91
404,ORD00168,PRD039,13,742.67,9654.71
405,ORD00169,PRD024,14,41.24,577.36
406,ORD00170,PRD014,14,114.86,1608.04
407,ORD00170,PRD004,9,735.69,6621.21
408,ORD00170,PRD002,9,314.32,2828.88
409,ORD00170,PRD049,6,371.64,2229.84
410,ORD00171,PRD010,3,624.22,1872.66
411,ORD00172,PRD026,15,277.49,4162.35
412,ORD00172,PRD006,14,291.3,4078.2
413,ORD00172,PRD020,17,451.48,7675.16
414,ORD00173,PRD043,6,465.35,2792.1
415,ORD00173,PRD017,2,483.67,967.34
416,ORD00174,PRD028,11,772.82,8501.02
417,ORD00175,PRD011,14,547.36,7663.04
418,ORD00175,PRD013,16,409.3,6548.8
419,ORD00175,PRD023,16,105.09,1681.44
420,ORD00176,PRD045,12,763.24,9158.88
421,ORD00176,PRD028,19,772.82,14683.58
422,ORD00177,PRD001,3,76.83,230.49
423,ORD00177,PRD036,19,791.3,15034.7
424,ORD00177,PRD039,20,742.67,14853.4
425,ORD00177,PRD013,5,409.3,2046.5
426,ORD00178,PRD043,11,465.35,5118.85
427,ORD00178,PRD047,1,106.89,106.89
428,ORD00178,PRD048,5,205.33,1026.65
429,ORD00179,PRD010,14,624.22,8739.08
430,ORD00179,PRD032,9,206.05,1854.45
431,ORD00179,PRD021,17,372.0,6324.0
432,ORD00179,PRD008,1,274.67,274.67
433,ORD00180,PRD009,4,286.53,1146.12
434,ORD00180,PRD041,2,170.79,341.58
435,ORD00180,PRD029,7,223.16,1562.12
436,ORD00180,PRD038,7,543.89,3807.23
437,ORD00181,PRD045,20,763.24,15264.8
438,ORD00181,PRD035,13,149.62,1945.06
439,ORD00181,PRD050,7,698.04,4886.28
440,ORD00181,PRD011,12,547.36,6568.32
441,ORD00182,PRD013,19,409.3,7776.7
442,ORD00182,PRD044,1,689.21,689.21
443,ORD00183,PRD024,10,41.24,412.4
444,ORD00183,PRD002,17,314.32,5343.44
445,ORD00183,PRD020,4,451.48,1805.92
446,ORD00184,PRD042,12,760.29,9123.48
447,ORD00184,PRD030,18,357.67,6438.06
448,ORD00184,PRD027,14,439.66,6155.24
449,ORD00184,PRD023,17,105.09,1786.53
450,ORD00185,PRD008,14,274.67,3845.38
451,ORD00185,PRD012,12,755.82,9069.84
452,ORD00185,PRD030,6,357.67,2146.02
453,ORD00186,PRD035,13,149.62,1945.06
454,ORD00186,PRD028,10,772.82,7728.2
455,ORD00187,PRD041,4,170.79,683.16
456,ORD00187,PRD019,3,427.32,1281.96
457,ORD00187,PRD045,4,763.24,3052.96
458,ORD00187,PRD040,3,686.07,2058.21
459,ORD00188,PRD040,14,686.07,9604.98
460,ORD00189,PRD032,20,206.05,4121.0
461,ORD00190,PRD041,15,170.79,2561.85
462,ORD00191,PRD043,10,465.35,4653.5
463,ORD00192,PRD014,18,114.86,2067.48
464,ORD00192,PRD015,13,610.56,7937.28
465,ORD00192,PRD050,4,698.04,2792.16
466,ORD00192,PRD030,7,357.67,2503.69
467,ORD00193,PRD008,13,274.67,3570.71
468,ORD00193,PRD023,1,105.09,105.09
469,ORD00193,PRD030,12,357.67,4292.04
470,ORD00193,PRD027,8,439.66,3517.28
471,ORD00194,PRD018,10,658.76,6587.6
472,ORD00194,PRD043,14,465.35,6514.9
473,ORD00194,PRD017,8,483.67,3869.36
474,ORD00195,PRD027,2,439.66,879.32
475,ORD00196,PRD002,5,314.32,1571.6
476,ORD00197,PRD034,11,256.94,2826.34
477,ORD00197,PRD048,11,205.33,2258.63
478,ORD00197,PRD039,6,742.67,4456.02
479,ORD00198,PRD016,20,650.26,13005.2
480,ORD00198,PRD036,13,791.3,10286.9
481,ORD00198,PRD026,2,277.49,554.98
482,ORD00198,PRD013,19,409.3,7776.7
483,ORD00199,PRD009,6,286.53,1719.18
484,ORD00199,PRD041,13,170.79,2220.27
485,ORD00199,PRD025,11,546.4,6010.4
486,ORD00199,PRD047,17,106.89,1817.13
487,ORD00200,PRD028,4,772.82,3091.28
488,ORD00200,PRD015,5,610.56,3052.8
489,ORD00201,PRD041,19,170.79,3245.01
490,ORD00202,PRD049,6,371.64,2229.84
491,ORD00202,PRD041,11,170.79,1878.69
492,ORD00202,PRD017,7,483.67,3385.69
493,ORD00202,PRD036,3,791.3,2373.9
494,ORD00203,PRD002,14,314.32,4400.48
495,ORD00204,PRD041,19,170.79,3245.01
496,ORD00205,PRD002,18,314.32,5657.76
497,ORD00205,PRD040,3,686.07,2058.21
498,ORD00206,PRD002,15,314.32,4714.8
499,ORD00206,PRD048,12,205.33,2463.96
500,ORD00206,PRD047,6,106.89,641.34
501,ORD00206,PRD009,8,286.53,2292.24
502,ORD00207,PRD020,18,451.48,8126.64
503,ORD00207,PRD013,8,409.3,3274.4
504,ORD00208,PRD050,9,698.04,6282.36
505,ORD00208,PRD017,3,483.67,1451.01
506,ORD00208,PRD043,5,465.35,2326.75
507,ORD00208,PRD004,1,735.69,735.69
508,ORD00209,PRD008,15,274.67,4120.05
509,ORD00210,PRD007,5,68.07,340.35
510,ORD00211,PRD017,3,483.67,1451.01
511,ORD00211,PRD012,16,755.82,12093.12
512,ORD00211,PRD006,12,291.3,3495.6
513,ORD00212,PRD026,16,277.49,4439.84
514,ORD00212,PRD007,1,68.07,68.07
515,ORD00213,PRD005,14,535.45,7496.3
516,ORD00213,PRD032,13,206.05,2678.65
517,ORD00213,PRD041,11,170.79,1878.69
518,ORD00213,PRD014,15,114.86,1722.9
519,ORD00214,PRD012,1,755.82,755.82
520,ORD00214,PRD020,6,451.48,2708.88
521,ORD00215,PRD008,11,274.67,3021.37
522,ORD00216,PRD031,18,645.89,11626.02
523,ORD00216,PRD040,1,686.07,686.07
524,ORD00216,PRD039,6,742.67,4456.02
525,ORD00217,PRD008,1,274.67,274.67
526,ORD00217,PRD013,18,409.3,7367.4
527,ORD00217,PRD039,1,742.67,742.67
528,ORD00218,PRD014,4,114.86,459.44
529,ORD00218,PRD024,7,41.24,288.68
530,ORD00219,PRD021,5,372.0,1860.0
531,ORD00220,PRD006,5,291.3,1456.5
532,ORD00220,PRD047,9,106.89,962.01
533,ORD00221,PRD031,12,645.89,7750.68
534,ORD00221,PRD013,18,409.3,7367.4
535,ORD00221,PRD006,10,291.3,2913.0
536,ORD00222,PRD048,13,205.33,2669.29
537,ORD00222,PRD032,7,206.05,1442.35
538,ORD00222,PRD028,9,772.82,6955.38
539,ORD00222,PRD033,6,79.28,475.68
540,ORD00223,PRD044,9,689.21,6202.89
541,ORD00223,PRD046,13,280.53,3646.89
542,ORD00224,PRD038,19,543.89,10333.91
543,ORD00225,PRD011,16,547.36,8757.76
544,ORD00225,PRD014,14,114.86,1608.04
545,ORD00225,PRD047,15,106.89,1603.35
546,ORD00226,PRD039,20,742.67,14853.4
547,ORD00226,PRD048,4,205.33,821.32
548,ORD00226,PRD018,20,658.76,13175.2
549,ORD00226,PRD021,13,372.0,4836.0
550,ORD00227,PRD013,3,409.3,1227.9
551,ORD00227,PRD037,15,689.78,10346.7
552,ORD00227,PRD023,6,105.09,630.54
553,ORD00227,PRD024,2,41.24,82.48
554,ORD00228,PRD038,20,543.89,10877.8
555,ORD00228,PRD027,17,439.66,7474.22
556,ORD00228,PRD019,12,427.32,5127.84
557,ORD00229,PRD002,14,314.32,4400.48
558,ORD00229,PRD008,6,274.67,1648.02
559,ORD00229,PRD012,12,755.82,9069.84
560,ORD00229,PRD021,8,372.0,2976.0
561,ORD00230,PRD014,12,114.86,1378.32
562,ORD00231,PRD010,4,624.22,2496.88
563,ORD00231,PRD050,1,698.04,698.04
564,ORD00231,PRD021,11,372.0,4092.0
565,ORD00232,PRD046,11,280.53,3085.83
566,ORD00233,PRD030,11,357.67,3934.37
567,ORD00233,PRD037,8,689.78,5518.24
568,ORD00234,PRD025,10,546.4,5464.0
569,ORD00235,PRD034,4,256.94,1027.76
570,ORD00235,PRD014,18,114.86,2067.48
571,ORD00236,PRD046,3,280.53,841.59
572,ORD00236,PRD039,19,742.67,14110.73
573,ORD00236,PRD043,14,465.35,6514.9
574,ORD00237,PRD021,16,372.0,5952.0
575,ORD00237,PRD013,2,409.3,818.6
576,ORD00237,PRD004,9,735.69,6621.21
577,ORD00237,PRD032,14,206.05,2884.7
578,ORD00238,PRD008,15,274.67,4120.05
579,ORD00239,PRD039,19,742.67,14110.73
580,ORD00239,PRD021,13,372.0,4836.0
581,ORD00240,PRD037,10,689.78,6897.8
582,ORD00240,PRD002,1,314.32,314.32
583,ORD00241,PRD030,10,357.67,3576.7
584,ORD00242,PRD026,18,277.49,4994.82
585,ORD00242,PRD003,17,111.75,1899.75
586,ORD00243,PRD022,1,36.22,36.22
587,ORD00244,PRD031,4,645.89,2583.56
588,ORD00245,PRD047,12,106.89,1282.68
589,ORD00245,PRD020,13,451.48,5869.24
590,ORD00245,PRD018,3,658.76,1976.28
591,ORD00245,PRD021,18,372.0,6696.0
592,ORD00246,PRD032,13,206.05,2678.65
593,ORD00246,PRD040,10,686.07,6860.7
594,ORD00246,PRD004,15,735.69,11035.35
595,ORD00247,PRD042,4,760.29,3041.16
596,ORD00247,PRD008,1,274.67,274.67
597,ORD00247,PRD024,8,41.24,329.92
598,ORD00247,PRD040,2,686.07,1372.14
599,ORD00248,PRD009,4,286.53,1146.12
600,ORD00249,PRD045,8,763.24,6105.92
601,ORD00249,PRD047,6,106.89,641.34
602,ORD00249,PRD028,3,772.82,2318.46
603,ORD00250,PRD047,18,106.89,1924.02
604,ORD00250,PRD024,1,41.24,41.24
605,ORD00251,PRD017,2,483.67,967.34
606,ORD00252,PRD004,10,735.69,7356.9
607,ORD00253,PRD017,11,483.67,5320.37
608,ORD00254,PRD018,19,658.76,12516.44
609,ORD00254,PRD045,15,763.24,11448.6
610,ORD00254,PRD011,4,547.36,2189.44
611,ORD00254,PRD009,5,286.53,1432.65
612,ORD00255,PRD010,14,624.22,8739.08
613,ORD00255,PRD049,15,371.64,5574.6
614,ORD00255,PRD038,4,543.89,2175.56
615,ORD00256,PRD037,16,689.78,11036.48
616,ORD00256,PRD031,9,645.89,5813.01
617,ORD00257,PRD050,8,698.04,5584.32
618,ORD00257,PRD047,3,106.89,320.67
619,ORD00257,PRD031,9,645.89,5813.01
620,ORD00258,PRD046,18,280.53,5049.54
621,ORD00258,PRD006,8,291.3,2330.4
622,ORD00258,PRD023,7,105.09,735.63
623,ORD00259,PRD005,16,535.45,8567.2
624,ORD00260,PRD014,1,114.86,114.86
625,ORD00261,PRD030,7,357.67,2503.69
626,ORD00261,PRD025,16,546.4,8742.4
627,ORD00262,PRD022,7,36.22,253.54
628,ORD00263,PRD049,15,371.64,5574.6
629,ORD00263,PRD020,5,451.48,2257.4
630,ORD00263,PRD046,17,280.53,4769.01
631,ORD00264,PRD009,8,286.53,2292.24
632,ORD00265,PRD025,17,546.4,9288.8
633,ORD00265,PRD029,7,223.16,1562.12
634,ORD00265,PRD040,13,686.07,8918.91
635,ORD00266,PRD005,14,535.45,7496.3
636,ORD00266,PRD018,6,658.76,3952.56
637,ORD00267,PRD037,5,689.78,3448.9
638,ORD00267,PRD042,15,760.29,11404.35
639,ORD00267,PRD007,4,68.07,272.28
640,ORD00268,PRD016,1,650.26,650.26
641,ORD00269,PRD012,17,755.82,12848.94
642,ORD00269,PRD018,15,658.76,9881.4
643,ORD00269,PRD002,12,314.32,3771.84
644,ORD00269,PRD031,9,645.89,5813.01
645,ORD00270,PRD036,3,791.3,2373.9
646,ORD00271,PRD028,13,772.82,10046.66
647,ORD00271,PRD014,17,114.86,1952.62
648,ORD00271,PRD010,14,624.22,8739.08
649,ORD00272,PRD004,12,735.69,8828.28
650,ORD00272,PRD029,4,223.16,892.64
651,ORD00272,PRD018,2,658.76,1317.52
652,ORD00273,PRD047,7,106.89,748.23
653,ORD00273,PRD028,13,772.82,10046.66
654,ORD00273,PRD013,6,409.3,2455.8
655,ORD00273,PRD019,20,427.32,8546.4
656,ORD00274,PRD034,17,256.94,4367.98
657,ORD00274,PRD039,14,742.67,10397.38
658,ORD00274,PRD032,4,206.05,824.2
659,ORD00275,PRD042,8,760.29,6082.32
660,ORD00276,PRD015,4,610.56,2442.24
661,ORD00277,PRD003,19,111.75,2123.25
662,ORD00278,PRD016,4,650.26,2601.04
663,ORD00278,PRD005,9,535.45,4819.05
664,ORD00278,PRD035,8,149.62,1196.96
665,ORD00279,PRD026,9,277.49,2497.41
666,ORD00279,PRD007,16,68.07,1089.12
667,ORD00279,PRD015,7,610.56,4273.92
668,ORD00279,PRD047,6,106.89,641.34
669,ORD00280,PRD023,10,105.09,1050.9
670,ORD00280,PRD041,20,170.79,3415.8
671,ORD00281,PRD047,6,106.89,641.34
672,ORD00281,PRD001,17,76.83,1306.11
673,ORD00281,PRD007,20,68.07,1361.4
674,ORD00282,PRD048,6,205.33,1231.98
675,ORD00282,PRD020,11,451.48,4966.28
676,ORD00282,PRD045,3,763.24,2289.72
677,ORD00282,PRD016,6,650.26,3901.56
678,ORD00283,PRD022,5,36.22,181.1
679,ORD00283,PRD030,1,357.67,357.67
680,ORD00284,PRD028,9,772.82,6955.38
681,ORD00284,PRD022,3,36.22,108.66
682,ORD00284,PRD002,6,314.32,1885.92
683,ORD00284,PRD012,1,755.82,755.82
684,ORD00285,PRD031,16,645.89,10334.24
685,ORD00285,PRD038,8,543.89,4351.12
686,ORD00285,PRD001,16,76.83,1229.28
687,ORD00286,PRD003,1,111.75,111.75
688,ORD00287,PRD015,6,610.56,3663.36
689,ORD00287,PRD034,5,256.94,1284.7
690,ORD00287,PRD033,4,79.28,317.12
691,ORD00288,PRD020,11,451.48,4966.28
692,ORD00289,PRD032,9,206.05,1854.45
693,ORD00289,PRD048,16,205.33,3285.28
694,ORD00289,PRD023,9,105.09,945.81
695,ORD00289,PRD035,12,149.62,1795.44
696,ORD00290,PRD001,11,76.83,845.13
697,ORD00290,PRD023,17,105.09,1786.53
698,ORD00290,PRD020,20,451.48,9029.6
699,ORD00290,PRD046,16,280.53,4488.48
700,ORD00291,PRD018,17,658.76,11198.92
701,ORD00292,PRD010,14,624.22,8739.08
702,ORD00293,PRD043,12,465.35,5584.2
703,ORD00293,PRD010,16,624.22,9987.52
704,ORD00294,PRD016,19,650.26,12354.94
705,ORD00295,PRD024,7,41.24,288.68
706,ORD00295,PRD014,13,114.86,1493.18
707,ORD00295,PRD048,4,205.33,821.32
708,ORD00295,PRD006,9,291.3,2621.7
709,ORD00296,PRD034,12,256.94,3083.28
710,ORD00296,PRD012,11,755.82,8314.02
711,ORD00296,PRD017,13,483.67,6287.71
712,ORD00296,PRD044,19,689.21,13094.99
713,ORD00297,PRD018,19,658.76,12516.44
714,ORD00297,PRD020,17,451.48,7675.16
715,ORD00297,PRD013,11,409.3,4502.3
716,ORD00297,PRD003,20,111.75,2235.0
717,ORD00298,PRD028,15,772.82,11592.3
718,ORD00299,PRD019,16,427.32,6837.12
719,ORD00299,PRD008,5,274.67,1373.35
720,ORD00299,PRD001,15,76.83,1152.45
721,ORD00300,PRD034,20,256.94,5138.8
722,ORD00300,PRD019,18,427.32,7691.76
723,ORD00301,PRD020,10,451.48,4514.8
724,ORD00301,PRD032,3,206.05,618.15
725,ORD00302,PRD001,7,76.83,537.81
726,ORD00302,PRD030,10,357.67,3576.7
727,ORD00302,PRD003,19,111.75,2123.25
728,ORD00303,PRD004,16,735.69,11771.04
729,ORD00304,PRD001,1,76.83,76.83
730,ORD00304,PRD028,2,772.82,1545.64
731,ORD00304,PRD023,9,105.09,945.81
732,ORD00305,PRD023,17,105.09,1786.53
733,ORD00305,PRD019,18,427.32,7691.76
734,ORD00306,PRD006,9,291.3,2621.7
735,ORD00306,PRD046,5,280.53,1402.65
736,ORD00307,PRD028,3,772.82,2318.46
737,ORD00307,PRD038,10,543.89,5438.9
738,ORD00308,PRD003,12,111.75,1341.0
739,ORD00308,PRD031,8,645.89,5167.12
740,ORD00309,PRD028,10,772.82,7728.2
741,ORD00309,PRD026,20,277.49,5549.8
742,ORD00309,PRD007,10,68.07,680.7
743,ORD00309,PRD017,6,483.67,2902.02
744,ORD00310,PRD044,7,689.21,4824.47
745,ORD00310,PRD021,9,372.0,3348.0
746,ORD00310,PRD038,5,543.89,2719.45
747,ORD00310,PRD009,14,286.53,4011.42
748,ORD00311,PRD020,10,451.48,4514.8
749,ORD00311,PRD006,19,291.3,5534.7
750,ORD00312,PRD035,4,149.62,598.48
751,ORD00312,PRD012,5,755.82,3779.1
752,ORD00312,PRD025,17,546.4,9288.8
753,ORD00312,PRD028,15,772.82,11592.3
754,ORD00313,PRD033,12,79.28,951.36
755,ORD00313,PRD044,15,689.21,10338.15
756,ORD00313,PRD046,12,280.53,3366.36
757,ORD00314,PRD030,1,357.67,357.67
758,ORD00314,PRD027,14,439.66,6155.24
759,ORD00314,PRD002,3,314.32,942.96
760,ORD00314,PRD036,5,791.3,3956.5
761,ORD00315,PRD016,12,650.26,7803.12
762,ORD00315,PRD038,5,543.89,2719.45
763,ORD00315,PRD033,20,79.28,1585.6
764,ORD00316,PRD004,5,735.69,3678.45
765,ORD00316,PRD049,13,371.64,4831.32
766,ORD00316,PRD026,1,277.49,277.49
767,ORD00317,PRD049,3,371.64,1114.92
768,ORD00317,PRD034,2,256.94,513.88
769,ORD00317,PRD030,9,357.67,3219.03
770,ORD00317,PRD004,4,735.69,2942.76
771,ORD00318,PRD039,19,742.67,14110.73
772,ORD00318,PRD007,16,68.07,1089.12
773,ORD00318,PRD019,11,427.32,4700.52
774,ORD00319,PRD008,19,274.67,5218.73
775,ORD00320,PRD045,7,763.24,5342.68
776,ORD00321,PRD036,16,791.3,12660.8
777,ORD00321,PRD048,5,205.33,1026.65
778,ORD00322,PRD044,5,689.21,3446.05
779,ORD00322,PRD041,10,170.79,1707.9
780,ORD00323,PRD047,20,106.89,2137.8
781,ORD00323,PRD001,7,76.83,537.81
782,ORD00323,PRD032,4,206.05,824.2
783,ORD00324,PRD001,5,76.83,384.15
784,ORD00325,PRD034,4,256.94,1027.76
785,ORD00326,PRD014,16,114.86,1837.76
786,ORD00326,PRD007,1,68.07,68.07
787,ORD00327,PRD026,13,277.49,3607.37
788,ORD00327,PRD004,16,735.69,11771.04
789,ORD00327,PRD008,6,274.67,1648.02
790,ORD00327,PRD020,8,451.48,3611.84
791,ORD00328,PRD040,20,686.07,13721.4
792,ORD00328,PRD044,4,689.21,2756.84
793,ORD00328,PRD029,14,223.16,3124.24
794,ORD00329,PRD041,6,170.79,1024.74
795,ORD00329,PRD002,5,314.32,1571.6
796,ORD00330,PRD011,18,547.36,9852.48
797,ORD00330,PRD033,7,79.28,554.96
798,ORD00331,PRD031,19,645.89,12271.91
799,ORD00331,PRD019,16,427.32,6837.12
800,ORD00331,PRD043,12,465.35,5584.2
801,ORD00331,PRD007,9,68.07,612.63
802,ORD00332,PRD025,14,546.4,7649.6
803,ORD00332,PRD045,14,763.24,10685.36
804,ORD00332,PRD007,5,68.07,340.35
805,ORD00332,PRD030,1,357.67,357.67
806,ORD00333,PRD030,13,357.67,4649.71
807,ORD00333,PRD008,1,274.67,274.67
808,ORD00333,PRD037,19,689.78,13105.82
809,ORD00334,PRD003,20,111.75,2235.0
810,ORD00334,PRD042,15,760.29,11404.35
811,ORD00334,PRD043,2,465.35,930.7
812,ORD00335,PRD009,15,286.53,4297.95
813,ORD00335,PRD030,9,357.67,3219.03
814,ORD00335,PRD047,1,106.89,106.89
815,ORD00336,PRD023,17,105.09,1786.53
816,ORD00336,PRD033,7,79.28,554.96
817,ORD00337,PRD046,17,280.53,4769.01
818,ORD00337,PRD034,3,256.94,770.82
819,ORD00337,PRD025,6,546.4,3278.4
820,ORD00338,PRD023,19,105.09,1996.71
821,ORD00338,PRD042,11,760.29,8363.19
822,ORD00339,PRD046,10,280.53,2805.3
823,ORD00339,PRD009,13,286.53,3724.89
824,ORD00339,PRD018,3,658.76,1976.28
825,ORD00339,PRD049,16,371.64,5946.24
826,ORD00340,PRD031,19,645.89,12271.91
827,ORD00340,PRD039,17,742.67,12625.39
828,ORD00340,PRD043,17,465.35,7910.95
829,ORD00340,PRD012,9,755.82,6802.38
830,ORD00341,PRD045,19,763.24,14501.56
831,ORD00341,PRD021,19,372.0,7068.0
832,ORD00342,PRD038,3,543.89,1631.67
833,ORD00342,PRD040,2,686.07,1372.14
834,ORD00342,PRD026,1,277.49,277.49
835,ORD00343,PRD015,4,610.56,2442.24
836,ORD00343,PRD007,16,68.07,1089.12
837,ORD00344,PRD021,8,372.0,2976.0
838,ORD00344,PRD049,4,371.64,1486.56
839,ORD00344,PRD015,6,610.56,3663.36
840,ORD00344,PRD050,13,698.04,9074.52
841,ORD00345,PRD005,4,535.45,2141.8
842,ORD00345,PRD004,2,735.69,1471.38
843,ORD00345,PRD040,3,686.07,2058.21
844,ORD00345,PRD017,15,483.67,7255.05
845,ORD00346,PRD039,6,742.67,4456.02
846,ORD00346,PRD041,11,170.79,1878.69
847,ORD00346,PRD002,4,314.32,1257.28
848,ORD00347,PRD025,18,546.4,9835.2
849,ORD00347,PRD009,7,286.53,2005.71
850,ORD00347,PRD041,7,170.79,1195.53
851,ORD00347,PRD037,9,689.78,6208.02
852,ORD00348,PRD029,7,223.16,1562.12
853,ORD00348,PRD044,6,689.21,4135.26
854,ORD00348,PRD019,14,427.32,5982.48
855,ORD00348,PRD015,17,610.56,10379.52
856,ORD00349,PRD006,1,291.3,291.3
857,ORD00349,PRD038,4,543.89,2175.56
858,ORD00350,PRD003,1,111.75,111.75
859,ORD00350,PRD009,12,286.53,3438.36
860,ORD00351,PRD037,6,689.78,4138.68
861,ORD00351,PRD035,17,149.62,2543.54
862,ORD00351,PRD005,16,535.45,8567.2
863,ORD00351,PRD022,7,36.22,253.54
864,ORD00352,PRD037,17,689.78,11726.26
865,ORD00352,PRD031,12,645.89,7750.68
866,ORD00353,PRD040,3,686.07,2058.21
867,ORD00353,PRD036,15,791.3,11869.5
868,ORD00353,PRD009,14,286.53,4011.42
869,ORD00354,PRD005,17,535.45,9102.65
870,ORD00354,PRD037,10,689.78,6897.8
871,ORD00354,PRD006,4,291.3,1165.2
872,ORD00354,PRD009,4,286.53,1146.12
873,ORD00355,PRD015,11,610.56,6716.16
874,ORD00355,PRD004,1,735.69,735.69
875,ORD00355,PRD039,8,742.67,5941.36
876,ORD00355,PRD035,10,149.62,1496.2
877,ORD00356,PRD025,3,546.4,1639.2
878,ORD00356,PRD046,6,280.53,1683.18
879,ORD00356,PRD023,10,105.09,1050.9
880,ORD00357,PRD035,19,149.62,2842.78
881,ORD00358,PRD034,17,256.94,4367.98
882,ORD00358,PRD040,10,686.07,6860.7
883,ORD00359,PRD040,4,686.07,2744.28
884,ORD00359,PRD004,19,735.69,13978.11
885,ORD00359,PRD035,16,149.62,2393.92
886,ORD00359,PRD045,9,763.24,6869.16
887,ORD00360,PRD003,11,111.75,1229.25
888,ORD00361,PRD017,2,483.67,967.34
889,ORD00361,PRD013,5,409.3,2046.5
890,ORD00361,PRD022,7,36.22,253.54
891,ORD00361,PRD049,18,371.64,6689.52
892,ORD00362,PRD049,8,371.64,2973.12
893,ORD00362,PRD043,16,465.35,7445.6
894,ORD00362,PRD004,3,735.69,2207.07
895,ORD00363,PRD023,3,105.09,315.27
896,ORD00364,PRD039,18,742.67,13368.06
897,ORD00364,PRD048,16,205.33,3285.28
898,ORD00364,PRD040,5,686.07,3430.35
899,ORD00364,PRD006,9,291.3,2621.7
900,ORD00365,PRD007,2,68.07,136.14
901,ORD00366,PRD033,14,79.28,1109.92
902,ORD00366,PRD015,16,610.56,9768.96
903,ORD00366,PRD042,10,760.29,7602.9
904,ORD00366,PRD023,8,105.09,840.72
905,ORD00367,PRD004,1,735.69,735.69
906,ORD00368,PRD035,13,149.62,1945.06
907,ORD00368,PRD039,1,742.67,742.67
908,ORD00369,PRD004,5,735.69,3678.45
909,ORD00369,PRD025,14,546.4,7649.6
910,ORD00369,PRD050,14,698.04,9772.56
911,ORD00369,PRD045,18,763.24,13738.32
912,ORD00370,PRD008,4,274.67,1098.68
913,ORD00370,PRD029,20,223.16,4463.2
914,ORD00371,PRD023,14,105.09,1471.26
915,ORD00371,PRD013,2,409.3,818.6
916,ORD00371,PRD022,8,36.22,289.76
917,ORD00372,PRD006,1,291.3,291.3
918,ORD00372,PRD038,8,543.89,4351.12
919,ORD00373,PRD048,2,205.33,410.66
920,ORD00373,PRD049,1,371.64,371.64
921,ORD00373,PRD035,8,149.62,1196.96
922,ORD00373,PRD037,2,689.78,1379.56
923,ORD00374,PRD004,5,735.69,3678.45
924,ORD00375,PRD012,12,755.82,9069.84
925,ORD00375,PRD019,20,427.32,8546.4
926,ORD00375,PRD003,8,111.75,894.0
927,ORD00375,PRD021,10,372.0,3720.0
928,ORD00376,PRD039,16,742.67,11882.72
929,ORD00376,PRD026,4,277.49,1109.96
930,ORD00377,PRD005,9,535.45,4819.05
931,ORD00378,PRD032,12,206.05,2472.6
932,ORD00378,PRD046,8,280.53,2244.24
933,ORD00379,PRD046,18,280.53,5049.54
934,ORD00379,PRD020,10,451.48,4514.8
935,ORD00379,PRD024,8,41.24,329.92
936,ORD00379,PRD050,17,698.04,11866.68
937,ORD00380,PRD021,17,372.0,6324.0
938,ORD00380,PRD045,4,763.24,3052.96
939,ORD00380,PRD035,2,149.62,299.24
940,ORD00381,PRD027,16,439.66,7034.56
941,ORD00381,PRD046,9,280.53,2524.77
942,ORD00381,PRD040,3,686.07,2058.21
943,ORD00382,PRD009,8,286.53,2292.24
944,ORD00382,PRD034,10,256.94,2569.4
945,ORD00383,PRD008,5,274.67,1373.35
946,ORD00383,PRD024,2,41.24,82.48
947,ORD00384,PRD045,15,763.24,11448.6
948,ORD00384,PRD029,4,223.16,892.64
949,ORD00385,PRD032,2,206.05,412.1
950,ORD00386,PRD018,10,658.76,6587.6
951,ORD00386,PRD038,3,543.89,1631.67
952,ORD00386,PRD025,2,546.4,1092.8
953,ORD00387,PRD040,1,686.07,686.07
954,ORD00387,PRD025,13,546.4,7103.2
955,ORD00387,PRD032,13,206.05,2678.65
956,ORD00388,PRD003,6,111.75,670.5
957,ORD00388,PRD015,14,610.56,8547.84
958,ORD00388,PRD014,18,114.86,2067.48
959,ORD00388,PRD025,2,546.4,1092.8
960,ORD00389,PRD003,12,111.75,1341.0
961,ORD00389,PRD035,1,149.62,149.62
962,ORD00389,PRD049,20,371.64,7432.8
963,ORD00390,PRD017,7,483.67,3385.69
964,ORD00390,PRD049,1,371.64,371.64
965,ORD00390,PRD038,11,543.89,5982.79
966,ORD00391,PRD028,2,772.82,1545.64
967,ORD00391,PRD047,4,106.89,427.56
968,ORD00391,PRD048,18,205.33,3695.94
969,ORD00391,PRD049,13,371.64,4831.32
970,ORD00392,PRD035,19,149.62,2842.78
971,ORD00392,PRD030,19,357.67,6795.73
972,ORD00392,PRD028,17,772.82,13137.94
973,ORD00393,PRD011,8,547.36,4378.88
974,ORD00393,PRD025,5,546.4,2732.0
975,ORD00393,PRD030,1,357.67,357.67
976,ORD00394,PRD044,8,689.21,5513.68
977,ORD00394,PRD018,18,658.76,11857.68
978,ORD00394,PRD006,10,291.3,2913.0
979,ORD00395,PRD037,20,689.78,13795.6
980,ORD00395,PRD026,9,277.49,2497.41
981,ORD00395,PRD003,12,111.75,1341.0
982,ORD00396,PRD043,20,465.35,9307.0
983,ORD00396,PRD017,1,483.67,483.67
984,ORD00396,PRD042,4,760.29,3041.16
985,ORD00397,PRD037,9,689.78,6208.02
986,ORD00397,PRD043,6,465.35,2792.1
987,ORD00397,PRD021,15,372.0,5580.0
988,ORD00398,PRD002,2,314.32,628.64
989,ORD00398,PRD029,12,223.16,2677.92
990,ORD00398,PRD001,16,76.83,1229.28
991,ORD00398,PRD030,18,357.67,6438.06
992,ORD00399,PRD027,19,439.66,8353.54
993,ORD00399,PRD004,3,735.69,2207.07
994,ORD00400,PRD040,3,686.07,2058.21
995,ORD00400,PRD036,15,791.3,11869.5
996,ORD00400,PRD021,6,372.0,2232.0
997,ORD00401,PRD050,16,698.04,11168.64
998,ORD00401,PRD018,5,658.76,3293.8
999,ORD00401,PRD017,8,483.67,3869.36
1000,ORD00402,PRD010,2,624.22,1248.44
1001,ORD00402,PRD040,8,686.07,5488.56
1002,ORD00403,PRD042,2,760.29,1520.58
1003,ORD00404,PRD044,15,689.21,10338.15
1004,ORD00404,PRD033,19,79.28,1506.32
1005,ORD00405,PRD003,8,111.75,894.0
1006,ORD00405,PRD036,2,791.3,1582.6
1007,ORD00405,PRD046,9,280.53,2524.77
1008,ORD00406,PRD002,18,314.32,5657.76
1009,ORD00406,PRD044,2,689.21,1378.42
1010,ORD00406,PRD023,20,105.09,2101.8
1011,ORD00407,PRD023,3,105.09,315.27
1012,ORD00407,PRD007,17,68.07,1157.19
1013,ORD00408,PRD008,7,274.67,1922.69
1014,ORD00408,PRD033,11,79.28,872.08
1015,ORD00408,PRD005,19,535.45,10173.55
1016,ORD00408,PRD016,12,650.26,7803.12
1017,ORD00409,PRD005,5,535.45,2677.25
1018,ORD00409,PRD042,1,760.29,760.29
1019,ORD00409,PRD028,11,772.82,8501.02
1020,ORD00409,PRD019,20,427.32,8546.4
1021,ORD00410,PRD022,12,36.22,434.64
1022,ORD00410,PRD027,16,439.66,7034.56
1023,ORD00410,PRD042,10,760.29,7602.9
1024,ORD00411,PRD011,12,547.36,6568.32
1025,ORD00412,PRD019,5,427.32,2136.6
1026,ORD00413,PRD007,20,68.07,1361.4
1027,ORD00414,PRD021,17,372.0,6324.0
1028,ORD00414,PRD033,19,79.28,1506.32
1029,ORD00415,PRD014,2,114.86,229.72
1030,ORD00415,PRD025,5,546.4,2732.0
1031,ORD00415,PRD038,13,543.89,7070.57
1032,ORD00416,PRD005,8,535.45,4283.6
1033,ORD00417,PRD035,2,149.62,299.24
1034,ORD00417,PRD047,20,106.89,2137.8
1035,ORD00417,PRD008,16,274.67,4394.72
1036,ORD00417,PRD034,17,256.94,4367.98
1037,ORD00418,PRD021,10,372.0,3720.0
1038,ORD00418,PRD018,8,658.76,5270.08
1039,ORD00418,PRD013,11,409.3,4502.3
1040,ORD00418,PRD037,8,689.78,5518.24
1041,ORD00419,PRD015,4,610.56,2442.24
1042,ORD00419,PRD030,8,357.67,2861.36
1043,ORD00419,PRD021,15,372.0,5580.0
1044,ORD00420,PRD024,17,41.24,701.08
1045,ORD00420,PRD006,3,291.3,873.9
1046,ORD00420,PRD023,12,105.09,1261.08
1047,ORD00420,PRD036,16,791.3,12660.8
1048,ORD00421,PRD029,8,223.16,1785.28
1049,ORD00421,PRD027,19,439.66,8353.54
1050,ORD00422,PRD035,14,149.62,2094.68
1051,ORD00422,PRD016,19,650.26,12354.94
1052,ORD00423,PRD039,10,742.67,7426.7
1053,ORD00423,PRD017,11,483.67,5320.37
1054,ORD00424,PRD008,14,274.67,3845.38
1055,ORD00424,PRD006,17,291.3,4952.1
1056,ORD00424,PRD027,5,439.66,2198.3
1057,ORD00425,PRD041,15,170.79,2561.85
1058,ORD00425,PRD050,1,698.04,698.04
1059,ORD00425,PRD013,6,409.3,2455.8
1060,ORD00425,PRD012,4,755.82,3023.28
1061,ORD00426,PRD017,16,483.67,7738.72
1062,ORD00426,PRD049,4,371.64,1486.56
1063,ORD00426,PRD036,5,791.3,3956.5
1064,ORD00426,PRD046,2,280.53,561.06
1065,ORD00427,PRD002,5,314.32,1571.6
1066,ORD00427,PRD045,17,763.24,12975.08
1067,ORD00427,PRD011,17,547.36,9305.12
1068,ORD00427,PRD005,13,535.45,6960.85
1069,ORD00428,PRD023,18,105.09,1891.62
1070,ORD00428,PRD009,8,286.53,2292.24
1071,ORD00428,PRD026,10,277.49,2774.9
1072,ORD00428,PRD045,4,763.24,3052.96
1073,ORD00429,PRD022,20,36.22,724.4
1074,ORD00429,PRD038,4,543.89,2175.56
1075,ORD00429,PRD039,2,742.67,1485.34
1076,ORD00430,PRD048,12,205.33,2463.96
1077,ORD00431,PRD027,14,439.66,6155.24
1078,ORD00431,PRD041,10,170.79,1707.9
1079,ORD00431,PRD029,16,223.16,3570.56
1080,ORD00431,PRD048,5,205.33,1026.65
1081,ORD00432,PRD047,19,106.89,2030.91
1082,ORD00432,PRD050,17,698.04,11866.68
1083,ORD00433,PRD010,1,624.22,624.22
1084,ORD00434,PRD044,13,689.21,8959.73
1085,ORD00434,PRD042,11,760.29,8363.19
1086,ORD00434,PRD030,15,357.67,5365.05
1087,ORD00435,PRD033,19,79.28,1506.32
1088,ORD00435,PRD047,9,106.89,962.01
1089,ORD00436,PRD015,10,610.56,6105.6
1090,ORD00437,PRD022,17,36.22,615.74
1091,ORD00437,PRD004,19,735.69,13978.11
1092,ORD00437,PRD037,17,689.78,11726.26
1093,ORD00437,PRD034,14,256.94,3597.16
1094,ORD00438,PRD021,6,372.0,2232.0
1095,ORD00438,PRD025,5,546.4,2732.0
1096,ORD00438,PRD049,2,371.64,743.28
1097,ORD00439,PRD028,9,772.82,6955.38
1098,ORD00439,PRD034,19,256.94,4881.86
1099,ORD00440,PRD007,6,68.07,408.42
1100,ORD00440,PRD023,4,105.09,420.36
1101,ORD00440,PRD019,10,427.32,4273.2
1102,ORD00441,PRD032,6,206.05,1236.3
1103,ORD00441,PRD029,10,223.16,2231.6
1104,ORD00441,PRD015,9,610.56,5495.04
1105,ORD00442,PRD015,9,610.56,5495.04
1106,ORD00443,PRD007,18,68.07,1225.26
1107,ORD00443,PRD014,17,114.86,1952.62
1108,ORD00444,PRD002,2,314.32,628.64
1109,ORD00444,PRD039,18,742.67,13368.06
1110,ORD00445,PRD001,1,76.83,76.83
1111,ORD00445,PRD032,12,206.05,2472.6
1112,ORD00446,PRD019,14,427.32,5982.48
1113,ORD00446,PRD037,15,689.78,10346.7
1114,ORD00447,PRD030,4,357.67,1430.68
1115,ORD00447,PRD019,4,427.32,1709.28
1116,ORD00448,PRD028,5,772.82,3864.1
1117,ORD00448,PRD032,9,206.05,1854.45
1118,ORD00448,PRD017,4,483.67,1934.68
1119,ORD00448,PRD006,12,291.3,3495.6
1120,ORD00449,PRD048,8,205.33,1642.64
1121,ORD00450,PRD021,6,372.0,2232.0
1122,ORD00451,PRD018,17,658.76,11198.92
1123,ORD00451,PRD030,3,357.67,1073.01
1124,ORD00451,PRD041,11,170.79,1878.69
1125,ORD00452,PRD028,4,772.82,3091.28
1126,ORD00453,PRD013,2,409.3,818.6
1127,ORD00453,PRD036,1,791.3,791.3
1128,ORD00453,PRD043,8,465.35,3722.8
1129,ORD00454,PRD038,8,543.89,4351.12
1130,ORD00454,PRD025,7,546.4,3824.8
1131,ORD00455,PRD031,6,645.89,3875.34
1132,ORD00455,PRD010,16,624.22,9987.52
1133,ORD00455,PRD032,10,206.05,2060.5
1134,ORD00456,PRD013,3,409.3,1227.9
1135,ORD00456,PRD041,17,170.79,2903.43
1136,ORD00457,PRD001,3,76.83,230.49
1137,ORD00457,PRD028,16,772.82,12365.12
1138,ORD00458,PRD046,2,280.53,561.06
1139,ORD00458,PRD012,14,755.82,10581.48
1140,ORD00459,PRD040,19,686.07,13035.33
1141,ORD00459,PRD025,8,546.4,4371.2
1142,ORD00459,PRD041,12,170.79,2049.48
1143,ORD00460,PRD034,8,256.94,2055.52
1144,ORD00460,PRD043,10,465.35,4653.5
1145,ORD00460,PRD012,16,755.82,12093.12
1146,ORD00460,PRD020,16,451.48,7223.68
1147,ORD00461,PRD039,10,742.67,7426.7
1148,ORD00461,PRD023,4,105.09,420.36
1149,ORD00461,PRD035,8,149.62,1196.96
1150,ORD00461,PRD031,4,645.89,2583.56
1151,ORD00462,PRD027,8,439.66,3517.28
1152,ORD00462,PRD029,14,223.16,3124.24
1153,ORD00462,PRD021,4,372.0,1488.0
1154,ORD00463,PRD030,4,357.67,1430.68
1155,ORD00463,PRD021,12,372.0,4464.0
1156,ORD00464,PRD046,16,280.53,4488.48
1157,ORD00464,PRD009,20,286.53,5730.6
1158,ORD00464,PRD050,14,698.04,9772.56
1159,ORD00464,PRD031,8,645.89,5167.12
1160,ORD00465,PRD019,9,427.32,3845.88
1161,ORD00466,PRD027,18,439.66,7913.88
1162,ORD00466,PRD004,11,735.69,8092.59
1163,ORD00467,PRD044,13,689.21,8959.73
1164,ORD00467,PRD021,15,372.0,5580.0
1165,ORD00467,PRD027,14,439.66,6155.24
1166,ORD00468,PRD017,8,483.67,3869.36
1167,ORD00468,PRD004,11,735.69,8092.59
1168,ORD00468,PRD018,2,658.76,1317.52
1169,ORD00468,PRD032,10,206.05,2060.5
1170,ORD00469,PRD027,18,439.66,7913.88
1171,ORD00469,PRD015,7,610.56,4273.92
1172,ORD00469,PRD037,4,689.78,2759.12
1173,ORD00469,PRD011,20,547.36,10947.2
1174,ORD00470,PRD009,1,286.53,286.53
1175,ORD00470,PRD039,1,742.67,742.67
1176,ORD00470,PRD035,13,149.62,1945.06
1177,ORD00471,PRD050,11,698.04,7678.44
1178,ORD00472,PRD050,2,698.04,1396.08
1179,ORD00472,PRD036,17,791.3,13452.1
1180,ORD00472,PRD005,7,535.45,3748.15
1181,ORD00473,PRD035,18,149.62,2693.16
1182,ORD00473,PRD013,13,409.3,5320.9
1183,ORD00473,PRD011,8,547.36,4378.88
1184,ORD00474,PRD011,14,547.36,7663.04
1185,ORD00474,PRD024,7,41.24,288.68
1186,ORD00474,PRD022,18,36.22,651.96
1187,ORD00475,PRD001,1,76.83,76.83
1188,ORD00475,PRD003,17,111.75,1899.75
1189,ORD00476,PRD033,13,79.28,1030.64
1190,ORD00477,PRD003,1,111.75,111.75
1191,ORD00477,PRD011,8,547.36,4378.88
1192,ORD00477,PRD019,8,427.32,3418.56
1193,ORD00477,PRD020,2,451.48,902.96
1194,ORD00478,PRD048,13,205.33,2669.29
1195,ORD00478,PRD008,5,274.67,1373.35
1196,ORD00478,PRD025,9,546.4,4917.6
1197,ORD00479,PRD005,3,535.45,1606.35
1198,ORD00480,PRD002,20,314.32,6286.4
1199,ORD00480,PRD001,5,76.83,384.15
1200,ORD00480,PRD048,4,205.33,821.32
1201,ORD00480,PRD035,19,149.62,2842.78
1202,ORD00481,PRD013,14,409.3,5730.2
1203,ORD00481,PRD039,17,742.67,12625.39
1204,ORD00481,PRD020,1,451.48,451.48
1205,ORD00481,PRD021,10,372.0,3720.0
1206,ORD00482,PRD030,9,357.67,3219.03
1207,ORD00482,PRD013,19,409.3,7776.7
1208,ORD00482,PRD007,16,68.07,1089.12
1209,ORD00483,PRD019,14,427.32,5982.48
1210,ORD00483,PRD028,18,772.82,13910.76
1211,ORD00483,PRD006,9,291.3,2621.7
1212,ORD00483,PRD015,16,610.56,9768.96
1213,ORD00484,PRD045,8,763.24,6105.92
1214,ORD00484,PRD035,13,149.62,1945.06
1215,ORD00484,PRD033,1,79.28,79.28
1216,ORD00485,PRD047,18,106.89,1924.02
1217,ORD00485,PRD026,4,277.49,1109.96
1218,ORD00485,PRD024,15,41.24,618.6
1219,ORD00485,PRD049,8,371.64,2973.12
1220,ORD00486,PRD026,8,277.49,2219.92
1221,ORD00487,PRD024,10,41.24,412.4
1222,ORD00487,PRD031,11,645.89,7104.79
1223,ORD00487,PRD037,5,689.78,3448.9
1224,ORD00487,PRD007,3,68.07,204.21
1225,ORD00488,PRD036,6,791.3,4747.8
1226,ORD00489,PRD032,8,206.05,1648.4
1227,ORD00489,PRD038,3,543.89,1631.67
1228,ORD00490,PRD026,16,277.49,4439.84
1229,ORD00490,PRD040,17,686.07,11663.19
1230,ORD00491,PRD004,16,735.69,11771.04
1231,ORD00491,PRD050,9,698.04,6282.36
1232,ORD00492,PRD020,2,451.48,902.96
1233,ORD00492,PRD048,11,205.33,2258.63
1234,ORD00492,PRD022,19,36.22,688.18
1235,ORD00492,PRD010,20,624.22,12484.4
1236,ORD00493,PRD001,18,76.83,1382.94
1237,ORD00493,PRD018,16,658.76,10540.16
1238,ORD00493,PRD045,18,763.24,13738.32
1239,ORD00493,PRD014,16,114.86,1837.76
1240,ORD00494,PRD042,15,760.29,11404.35
1241,ORD00494,PRD016,16,650.26,10404.16
1242,ORD00494,PRD021,17,372.0,6324.0
1243,ORD00495,PRD007,14,68.07,952.98
1244,ORD00496,PRD025,5,546.4,2732.0
1245,ORD00497,PRD011,17,547.36,9305.12
1246,ORD00498,PRD011,7,547.36,3831.52
1247,ORD00499,PRD008,6,274.67,1648.02
1248,ORD00499,PRD003,17,111.75,1899.75
1249,ORD00499,PRD028,16,772.82,12365.12
1250,ORD00499,PRD032,5,206.05,1030.25
1251,ORD00500,PRD026,14,277.49,3884.86
1252,ORD00500,PRD001,10,76.83,768.3
1253,ORD00500,PRD019,9,427.32,3845.88
1254,ORD00500,PRD008,17,274.67,4669.39
